Year,tenth,twenty-fifth,fiftieth,seventy-fifth,nintieth
FA_Mag,968.0255800322061,1075.4921597526952,1254.1303354583442,1786.492185775244,2216.3449508789963
FA_Tim,6.5,34.0,50.5,62.75,68.5
FA_Dur,2.0,3.0,4.0,6.0,8.0
Wet_BFL_Mag_10,869.46,1121.0,1765.04514165,2278.5808671,2820.174651040001
Wet_BFL_Mag_50,2063.46,3177.56744825,4804.0,7056.9156815,8611.070624050002
Wet_Tim,73.9,84.0,94.0,102.75,107.10000000000001
Wet_BFL_Dur,46.0,55.25,67.0,79.5,97.0
Peak_2,10392.539315,10392.539315,10392.539315,10392.539315,10392.539315
Peak_5,15461.028088,15461.028088,15461.028088,15461.028088,15461.028088
Peak_10,17158.159113,17158.159113,17158.159113,17158.159113,17158.159113
Peak_Dur_2,3.5,6.0,18.5,27.0,37.5
Peak_Dur_5,1.0,2.0,6.0,13.0,19.400000000000002
Peak_Dur_10,2.0,2.0,8.0,13.5,19.5
Peak_Fre_2,1.0,1.0,2.0,3.0,3.5
Peak_Fre_5,1.0,1.0,1.0,2.0,2.0
Peak_Fre_10,1.0,1.0,1.0,1.25,2.0
SP_Mag,4896.95,6111.8472495000005,8958.1667265,12671.7257375,15629.7
SP_Tim,145.9,153.0,161.0,169.0,176.0
SP_Dur,78.9,131.75,165.5,186.5,204.10000000000002
SP_ROC,0.04249635366201263,0.047512368218753626,0.0552125447864806,0.06478539289001842,0.07541998901561574
DS_Mag_50,497.752,604.100676225,679.9770513999999,805.42186655,923.845
DS_Mag_90,666.51,834.9500000000002,1047.16839325,1413.7678364500007,1884.1686025699998
DS_Tim,260.1,305.0,327.0,345.0,361.0
DS_Dur_WS,94.0,111.0,135.5,164.25,203.5
Avg,1260.3542739726024,1483.5180273972603,2109.287671232877,2817.0627397260273,3263.9330320912604
Std,1116.4978851404906,1406.6366065576772,2284.584026196062,3169.7656550429915,3812.6335493110482
CV,0.8065266562892138,0.9285900512249332,1.0430105668821903,1.1786820566866338,1.275108383766182
DS_No_Flow,0.0,0.0,0.0,0.0,0.0
