Year,tenth,twenty-fifth,fiftieth,seventy-fifth,nintieth
FA_Mag,986.9329682017072,1102.9457920959749,1334.8633876012864,1873.0872493593283,2282.1288121299617
FA_Tim,8.0,30.75,48.0,63.0,68.0
FA_Dur,2.0,3.0,4.0,6.0,8.0
Wet_BFL_Mag_10,842.9492,1163.1107499999998,1617.2672424000002,2256.0499999999997,3060.698829430002
Wet_BFL_Mag_50,2288.715,3084.5,4989.437331,7265.8495175,8983.452428450002
Wet_Tim,69.9,79.0,94.0,102.0,108.10000000000001
Wet_BFL_Dur,48.9,56.0,67.5,85.75,99.10000000000001
Peak_2,10627.958305,10627.958305,10627.958305,10627.958305,10627.958305
Peak_5,15465.757022,15465.757022,15465.757022,15465.757022,15465.757022
Peak_10,17393.4,17393.4,17393.4,17393.4,17393.4
Peak_Dur_2,3.0,6.75,17.0,26.25,37.0
Peak_Dur_5,1.0,2.0,7.0,13.0,21.800000000000004
Peak_Dur_10,1.0,2.5,8.0,12.75,19.5
Peak_Fre_2,1.0,1.0,2.0,3.0,3.5
Peak_Fre_5,1.0,1.0,1.0,2.0,2.8000000000000007
Peak_Fre_10,1.0,1.0,1.0,2.0,2.0
SP_Mag,4907.95,6096.8472495000005,8897.207394500001,12758.9271875,15931.384297000004
SP_Tim,146.0,153.0,161.5,171.0,178.0
SP_Dur,80.8,134.5,170.0,190.0,205.10000000000002
SP_ROC,0.04450278845502122,0.04966173473571703,0.056505748297188546,0.06739060660731205,0.07639507938226521
DS_Mag_50,532.39,627.282272325,715.9597655499999,869.430108225,983.66528837
DS_Mag_90,724.896,888.3500000000001,1131.200707,1355.9492895000003,2071.69318084
DS_Tim,262.9,310.0,332.5,347.75,360.1
DS_Dur_WS,92.7,104.75,130.5,155.75,195.3
Avg,1292.425698630137,1563.0740312746575,2140.992602739726,2874.355091836575,3355.3840462435624
Std,1134.6465129602989,1422.354916815738,2278.3410007221105,3199.641756575742,3839.6590793914115
CV,0.801913417249102,0.8868591387886986,1.0302328509040692,1.1453976955692884,1.2691661021917173
DS_No_Flow,0.0,0.0,0.0,0.0,0.0
