Year,tenth,twenty-fifth,fiftieth,seventy-fifth,nintieth
FA_Mag,855.6685862505971,887.9562185676083,1145.0011244282296,1384.9348948678864,1676.9220352197274
FA_Tim,15.8,19.5,48.5,58.75,63.3
FA_Dur,2.0,4.25,5.0,6.0,8.3
Wet_BFL_Mag_10,422.54,644.675,1035.0,1472.5,1907.6000000000004
Wet_BFL_Mag_50,821.8000000000001,1147.5,2962.5,3653.75,4792.0
Wet_Tim,40.300000000000004,54.75,73.5,93.0,103.1
Wet_BFL_Dur,59.0,71.0,93.5,118.25,206.10000000000002
Peak_2,4045.0,4045.0,4045.0,4045.0,4045.0
Peak_5,6210.0,6210.0,6210.0,6210.0,6210.0
Peak_10,6745.0,6745.0,6745.0,6745.0,6745.0
Peak_Dur_2,7.400000000000001,19.5,36.0,58.5,79.0
Peak_Dur_5,1.9,4.0,20.0,24.5,28.999999999999996
Peak_Dur_10,2.8,4.0,11.0,23.0,29.0
Peak_Fre_2,1.0,1.5,2.0,4.0,5.0
Peak_Fre_5,1.0,1.0,1.5,2.0,3.299999999999999
Peak_Fre_10,1.0,1.0,1.0,1.0,2.2
SP_Mag,1002.6,1740.0,3690.0,5440.0,6276.0
SP_Tim,145.0,157.0,168.0,196.0,285.00000000000006
SP_Dur,25.80000000000001,96.75,121.5,154.25,180.29999999999998
SP_ROC,0.02646282580146381,0.035885768180203524,0.0523736989083523,0.08355303809743428,0.1137241455207234
DS_Mag_50,479.75,561.25,683.25,813.75,870.0500000000001
DS_Mag_90,604.59,781.6500000000001,887.1,1200.2500000000002,1428.3000000000002
DS_Tim,254.4,273.0,300.0,331.0,364.8
DS_Dur_WS,61.1,107.5,141.5,159.0,180.40000000000012
Avg,597.5819806871772,792.7671232876712,1181.1041095890412,1739.345205479452,2055.324383561644
Std,260.02487114441533,310.62435373763293,798.7804831006126,1423.8174006600068,1838.1280851283757
CV,0.3754509569118336,0.4914303199438083,0.7317432333417635,0.8655464890004728,0.9496537469037615
DS_No_Flow,0.0,0.0,0.0,0.0,0.0
